first_name,last_name,phone,address,address2,city,state,zip
Carey,Keinrat,(907) 4081525,24 Eagle Crest Park,,Anchorage,AK,99599
Tobe,Popov,(907) 7176885,4 Amoth Hill,,Anchorage,AK,99507
Katee,Giovanizio,(907) 3306314,4 Schlimgen Circle,,Fairbanks,AK,99709
Ernest,Blackler,(907) 6979294,80 Homewood Crossing,,Anchorage,AK,99517
Letty,Clappison,(323) 1756252,00688 Onsgard Alley,,Burbank,CA,91520
Cris,Tarrant,(408) 3425416,0876 Dexter Junction,,San Jose,CA,95173
Kimberlee,Swainson,(323) 1087833,088 Nancy Pass,,Los Angeles,CA,90094
Towney,Stirrip,(510) 1792222,1 Onsgard Center,,Berkeley,CA,94712
Saundra,Broek,(818) 3540222,1 Ruskin Circle,,Brea,CA,92822
Octavia,Acott,(626) 5002403,10 Clyde Gallagher Hill,,Pasadena,CA,91125
Stu,Morkham,(661) 3313403,11 Linden Hill,,Burbank,CA,91505
Rochelle,Ordidge,(661) 1272956,12 Doe Crossing Lane,,Bakersfield,CA,93381
Norbie,Mahaddy,(559) 9298561,1352 Sachtjen Circle,,Fresno,CA,93786
Carlyle,Seed,(209) 5683083,15 Dennis Center,,Fresno,CA,93704
Hallie,Callear,(408) 4352963,15 Lunder Alley,,San Jose,CA,95123
Malcolm,Beneteau,(916) 4125915,3876 Debs Street,,Chico,CA,95973
Tallia,Nacey,(559) 6532560,399 Sutteridge Court,,Fresno,CA,93704
Darryl,Rarity,(949) 9922817,4 Basil Junction,,Irvine,CA,92612
Claribel,Cakes,(626) 9873874,4 Kinsman Pass,,Pasadena,CA,91199
Shawna,Beecham,(619) 9185861,40632 Farwell Trail,,San Diego,CA,92137
Ari,Bomb,(650) 8633105,410 Jenifer Circle,,Santa Clara,CA,95054
Leia,Brotherheed,(408) 7951926,4110 Briar Crest Avenue,,San Jose,CA,95123
Aigneis,Corke,(310) 3621065,43 Dakota Parkway,,Anaheim,CA,92805
Fitzgerald,Hatliff,(323) 7707653,439 Sheridan Plaza,,Los Angeles,CA,90094
Averill,Peirpoint,(559) 3917401,4489 Blaine Park,,Fresno,CA,93786
Kerr,Anan,(916) 4316490,45304 Stone Corner Parkway,,Chico,CA,95973
Galina,Harraway,(323) 1540838,49203 Pond Hill,,Los Angeles,CA,90094
Dominique,Fransinelli,(415) 4668479,49841 Longview Way,,San Francisco,CA,94116
Channa,Slingsby,(562) 2292021,5 Clarendon Avenue,,Whittier,CA,90605
Wilmer,Hulks,(760) 3831074,5 Dakota Hill,,Orange,CA,92668
Leonidas,Baylie,(818) 7059184,5 Delladonna Road,,Torrance,CA,90510
Mathian,Benedetti,(213) 8286695,507 Moulton Road,,Van Nuys,CA,91411
Silvana,Cathenod,(562) 6489873,52706 Erie Street,,Long Beach,CA,90847
Jami,Leicester,(714) 5175393,540 Arkansas Avenue,,Irvine,CA,92717
Bendick,Goulstone,(831) 3095969,54585 Bultman Avenue,,Salinas,CA,93907
Giulia,Leythley,(213) 1112174,5741 Main Trail,,Los Angeles,CA,90050
Adeline,Whelpdale,(909) 5536513,5993 Crownhardt Trail,,San Bernardino,CA,92424
Isiahi,Gothard,(619) 7366528,6 Elgar Pass,,San Diego,CA,92176
Deane,Hulls,(310) 4156226,63669 Grasskamp Hill,,San Francisco,CA,94105
Maia,Larroway,(831) 6444626,67850 Browning Center,,Salinas,CA,93907
Gregory,Gammet,(213) 3122280,7098 Grayhawk Terrace,,Los Angeles,CA,90035
Hatty,Danilovich,(408) 2588977,73364 Waubesa Road,,San Jose,CA,95150
Martie,Maffei,(213) 2436781,748 Tomscot Trail,,Los Angeles,CA,90050
Mireielle,Gilpin,(951) 3048467,76 Hooker Terrace,,San Bernardino,CA,92410
Tripp,Ridder,(619) 3422366,76 Sundown Junction,,San Diego,CA,92115
Rowney,Connell,(949) 5037382,773 Green Ridge Center,,Irvine,CA,92619
Kessia,Hardware,(619) 6295887,780 Westridge Avenue,,San Diego,CA,92137
Odessa,Ahmed,(858) 5996486,79 Kings Drive,,San Diego,CA,92145
Sidoney,Pacey,(559) 9438433,8 Elgar Avenue,,Fresno,CA,93709
Karoly,Dewes,(323) 7447664,801 Thierer Trail,,North Hollywood,CA,91606
Zachariah,Chuney,(858) 2737612,80646 Manley Center,,Oceanside,CA,92056
Waylin,Dreschler,(562) 1501959,834 3rd Hill,,Whittier,CA,90610
Gwynne,Lally,(323) 8415747,8451 Knutson Crossing,,Pasadena,CA,91103
Donavon,Crowson,(916) 2174170,8495 Esker Center,,Sacramento,CA,94286
Uriah,Davidofski,(760) 3989082,8503 Old Shore Lane,,San Bernardino,CA,92415
Keenan,Blundon,(650) 7959282,86789 Prentice Crossing,,Mountain View,CA,94042
Lammond,Casoni,(530) 3303480,87 Quincy Parkway,,Sacramento,CA,95833
Marillin,Cutcliffe,(626) 8734002,88 Declaration Hill,,Pasadena,CA,91117
Annabelle,Tantrum,(559) 8940664,88 Hansons Drive,,Fresno,CA,93709
Roanne,Etherson,(323) 9189373,88780 Marquette Circle,,Los Angeles,CA,90094
Eden,McLellan,(916) 7951612,89 Holmberg Crossing,,Sacramento,CA,95823
Modestia,Meert,(661) 1329388,9 Anzinger Lane,,Bakersfield,CA,93311
Sergeant,Amar,(530) 9177811,9 Manley Road,,South Lake Tahoe,CA,96154
Sindee,Pardey,(916) 1448512,9 Melody Road,,Sacramento,CA,95894
Arlee,Traylen,(408) 7482498,90 Carioca Alley,,Sunnyvale,CA,94089
Yvette,Belsher,(310) 3010426,91779 Killdeer Circle,,Inglewood,CA,90305
Vick,Bamforth,(562) 7378450,9316 Prairieview Place,,Whittier,CA,90605
Kayne,Soldi,(916) 6338960,97 Nelson Street,,Sacramento,CA,94280
Amalita,Bichener,(408) 3103886,9794 Straubel Plaza,,San Jose,CA,95155
Isidore,Sam,(310) 6897571,9817 Haas Center,,Los Angeles,CA,90020
Byron,Durban,(714) 7758503,98212 Shoshone Junction,,Anaheim,CA,92805
Tana,Cousens,(408) 3847524,989 Canary Center,,San Jose,CA,95194
Fergus,Haxbie,(503) 8126557,3061 Vermont Parkway,,Portland,OR,97221
Beale,Bridgwater,(971) 8412067,311 Artisan Road,,Portland,OR,97232
Nealson,Trinkwon,(503) 9762114,5060 Thierer Pass,,Portland,OR,97221
Friederike,Beeswing,(971) 3370945,75 Grover Drive,,Portland,OR,97271
Teddie,Doncom,(503) 6566567,76037 Lillian Place,,Portland,OR,97221
Edin,Wrought,(971) 8174180,8400 Ridgeview Street,,Portland,OR,97240
Lona,Fickling,(503) 1020389,854 Petterle Crossing,,Beaverton,OR,97075
Brannon,Garley,(503) 8083565,9 Norway Maple Lane,,Portland,OR,97229
Bertram,Linning,(971) 5752666,904 Hoffman Hill,,Portland,OR,97232
Ashley,Tapley,(503) 4482401,976 Norway Maple Junction,,Portland,OR,97296
Johnnie,Plunkett,(206) 2108406,00331 Iowa Street,,Tacoma,WA,98424
Modesta,Garretts,(253) 8978117,0094 Coleman Street,,Tacoma,WA,98411
Emmet,Slaten,(509) 1110766,02 Green Point,,Yakima,WA,98907
Ilse,Juster,(509) 1180770,175 Haas Plaza,,Spokane,WA,99215
Eolanda,Warmington,(360) 7430380,23316 Westridge Plaza,,Olympia,WA,98516
Brantley,Lingard,(425) 8509442,2353 Portage Pass,,Seattle,WA,98109
Ainslie,Lafflin,(206) 5588851,25963 Nevada Plaza,,Seattle,WA,98140
Kevan,Smee,(425) 5702330,32165 Carioca Avenue,,Seattle,WA,98115
Emilee,Coch,(253) 4910895,36263 Forest Parkway,,Tacoma,WA,98424
Henrieta,Pfaff,(206) 7123002,5 Caliangt Point,,Seattle,WA,98115
Adara,Chetwind,(253) 3979074,5 Pepper Wood Crossing,,Tacoma,WA,98424
Tomaso,Mignot,(425) 4219618,52 Oxford Point,,Everett,WA,98206
Asher,Adney,(360) 3766448,6540 Twin Pines Park,,Vancouver,WA,98664
Onofredo,Walisiak,(206) 6952759,68552 Arrowood Junction,,Seattle,WA,98140
Brendin,Guirau,(509) 9139755,7 Thackeray Road,,Spokane,WA,99215
Rusty,Graalman,(425) 4067126,72 Debs Avenue,,Seattle,WA,98121
Alic,Winser,(509) 3877411,9 Hanson Way,,Spokane,WA,99252
Kathi,Antushev,(360) 3592657,91 Service Park,,Seattle,WA,98158